{
  "modelInstanceName": {"$ref" : "/resourceTypes/signalr/configure.json#/modelInstanceName" },
  "modelInitialData": {
    "SecretName": "AzureSignalRConnectionString",
    "IsConfiguringSpecificSecretName": true
  },
  "viewInstanceName": {"$ref" : "/resourceTypes/signalr/configure.json#/viewInstanceName" },
  "validators": {"$ref" : "/resourceTypes/signalr/configure.json#/validators" },
  "getSecretsUrlGenerator": {"$ref" : "/resourceTypes/signalr/configure.json#/getSecretsUrlGenerator" },
  "metadataMapDefinition": {"$ref" : "/resourceTypes/signalr/configure.json#/metadataMapDefinition" },
  "metadataStartModel": {"$ref" : "/resourceTypes/signalr/configure.json#/metadataStartModel" }
}
