{
  "matchingResourceType": "Microsoft.SignalRService/SignalR[AzureFunctions]",
  "underlyingResourceType": "Microsoft.SignalRService/SignalR",
  "core": { "$ref": "/resourceTypes/signalr_func/core.json#/" },
  "selection": { "$ref": "/resourceTypes/signalr/select.json#/" },
  "provisioning": { "$ref": "/resourceTypes/signalr/provision.json#/" },
  "deployment": { "$ref": "/resourceTypes/signalr/deploy.json#/" },
  "configuration": { "$ref": "/resourceTypes/signalr_func/configure.json#/" }
}
