{
  "apiAdministratorEmailDescription": "Set the email address to receive all system notifications sent from API Management.",
  "apiAdministratorEmailLabel": "_Administrator email",
  "apiManagementAzureDisplayName": "Azure API Management service",
  "apiManagementAzureDescription": "Publish APIs to API Management for consumption by Azure Logic Apps and Power Apps",
  "apiManagementApiAzureDescription": "Publish APIs to API Management for consumption by Azure Logic Apps and Power Apps",
  "apiManagementApiAzureDisplayName": "API in API Management",
  "apiManagementApiNameNotAvailable": "Name is not available",
  "apiManagementApiResourceNameLabel": "_API name",
  "apiManagementApiUnableToCheckNameAvailable": "Cannot check name availability",
  "apimangementApiCreateNameInstance": "Create an API Management API",
  "apimapiNameNotMeetCriteria": "API name must start and end with an alphanumeric character and contain only alphanumeric characters and hyphens.",
  "apiURLSuffixDescription": "Path on the domain of the API Service name",
  "apiURLSuffixLabel": "API _URL suffix",
  "apiSelectedServiceMustBeSet": "A service must be selected",
  "apiManagementApisFolderName": "APIs",
  "apiURLSuffixMustBeUniqueInService": "URL Suffix must be unique within a single service instance",
  "apiServicesDropdownLabel": "API _Management service",
  "apiServicesDropdownDescription": "The list of API Management services that could host this API",
  "apiManagementDisplayBasic": "Basic (99.9% SLA)",
  "apiManagementDisplayConsumption": "Consumption (99.9% SLA)",
  "apiManagementDisplayDeveloper": "Developer (No SLA)",
  "apiManagementDisplayPremium": "Premium (99.99% SLA)",
  "apiManagementDisplayStandard": "Standard (99.9% SLA)",
  "apimangementCreateNameInstance": "Create a new API Management service",
  "apiManagementUnableToCheckName": "Unable to check name",
  "apiManagementResourceNameLabel": "_Name",
  "apiManagementNameNotAvailable": "Name already in use",
  "apiManagementNameNotMeetCriteria": "Name needs to be between 1 and 50 characters, start with a letter, and contain only letters and numbers",
  "apiManagementAzureCollectiveNoun": "API Management instances",
  "apiManagementApiAzureCollectiveNoun": "API Management APIs",
  "appInsightsAzureDescription": "Monitor web app performance and usage (with connection to an instance running in Azure)",
  "appInsightsCollectiveNoun": "Application Insights instances",
  "appInsightsCreateNameInstance": "Create an Application Insights component",
  "appInsightsDisplayName": "Application Insights",
  "appInsightsLogAnalyticsDropdownDescription": "Store analytics data",
  "appInsightsLogAnalyticsDropdownLabel": "Azure Log _Analytics workspace",
  "appInsightsLogAnalyticsMustBeSet": "Log Analytics Workspace must be set",
  "appInsightsNameContainsReservedWords": "The resource name cannot contain any trademarked or reserved words",
  "appInsightsNameNotAvailable": "Name already in use",
  "appInsightsNameNotMeetCriteria": "Name must be at least 1 and at most 256 characters long. Additionally, only alphanumeric characters and hyphens can be used.",
  "appInsightsResourceNameLabel": "_Name",
  "appInsightsToLogAnalyticsLocationMismatchWarning": "Hosting Application Insights in {0} instead of {1} where the Log Analytics Workspace is can have performance, cost, and compliance implications",
  "appInsightsUnableToCheckNameAvailable": "Cannot check name availability",
  "appInsightsUnableToCheckNameValid": "Cannot check if name is valid",
  "springCloudServiceAppInsightsDropdownDescription": "Store tracing data",
  "springCloudServiceAppInsightsDropdownLabel": "Azure A_pp Insights",
  "springCloudServiceLogAnalyticsDropdownDescription": "Store analytics data",
  "springCloudServiceLogAnalyticsDropdownLabel": "Azure Log _Analytics workspace",
  "logAnalyticsAzureDescription": "Easily store, retain and query data collected from your monitored resources in Azure",
  "logAnalyticsUnableToCheckNameAvailable": "Cannot check name availability",
  "logAnalyticsAzureCollectiveNoun": "Azure Log Analytics workspaces",
  "logAnalyticsNameNotAvailable": "Name is not available",
  "logAnalyticsCreateNameInstance": "Create an Azure Log Analytics workspace",
  "logAnalyticsSkuDropDownName": "S_KU",
  "logAnalyticsSkuDropDownDescription": "The cost of your workspace depends on the pricing tier and what solutions you use.",
  "logAnalyticsSkuDisplayPerg2018": "Pay-as-you-go (Per GB 2018)",
  "logAnalyticsNameNotMeetCriteria": "Workspace name must be between 4 and 63 characters and the name can contain only letters, numbers and '-'. The '-' should not be the first or the last character.",
  "logAnalyticsSelectedSkuMustBeSet": "Sku must be set",
  "logAnalyticsResourceNameLabel": "_Name",
  "logAnalyticsDisplayName": "Azure Log Analytics Workspace",
  "appConfigAzureDependencyTypeName": "Azure App Configuration",
  "appConfigAzureDisplayName": "Azure App Configuration",
  "appConfigAzureDescription": "Easily access the application's key-value settings and feature flags that are centrally managed in Azure.",
  "appConfigCollectiveNoun": "App Configuration stores",
  "appConfigResourceNameLabel": "_Resource name",
  "appConfigCreateNameInstance": "Create an Azure App Configuration store.",
  "appConfigFreeSkuLimitReached": "This subscription has reached the limit of 1 App Configuration resource in the Free tier",
  "appConfigNameContainsReservedWords": "The name cannot contain any trademarked or reserved words.",
  "appConfigNameNotAvailable": "Name is not available.",
  "appConfigNameNotMeetCriteria": "The name must contain only alpha-numeric ASCII characters or '-', and be between 5 and 50 characters.",
  "appConfigSelectedSkuMustBeSet": "The pricing tier must be set.",
  "appConfigSkuDropDownDescription": "Choose the pricing tier to match the storage and SLA requirements of your app.",
  "appConfigSkuDropDownName": "_Pricing tier",
  "appConfigSkuDisplayFree": "Free",
  "appConfigSkuDisplayStandard": "Standard",
  "appConfigUnableToAccess": "Unable to access App Configuration store '{0}'. Verify that it still exists and is accessible.",
  "appConfigUnableToCheckNameAvailable": "Cannot check name availability.",
  "appConfigUnableToCheckNameValid": "Cannot check if name is valid.",

  "containerAppsAzureDisplayName": "Azure Container Apps",
  "containerAppsAzureDescription": "Run scalable containerized applications and microservices on a serverless platform in Azure",
  "containerAppsCollectiveNoun": "Container apps",
  "containerAppsCreateNameInstance": "Create an Azure Container App",
  "containerAppsResourceNameLabel": "C_ontainer app name",
  "containerAppsContainerNameLabel": "Container _name",
  "containerAppsContainerNameDescription": "Name for the first container in the containers app",
  "containerAppsContainerNameNotMeetCriteria": "Container name must be between 1 and 63 characters, start with a lowercase letter or number, contain lowercase letters, numbers, and dashes, and end with a lowercase letter or number",
  "containerAppsNameContainsReservedWords": "Container app name cannot contain any trademarked or reserved words.",
  "containerAppsNameNotMeetCriteria": "Container app name must be between 2 and 32 characters, start with a lowercase letter, contain lowercase letters, numbers, and dashes, and end with a lowercase letter or number",
  "containerAppsNameNotAvailable": "Container app name is not available",
  "containerAppsUnableToCheckNameAvailable": "Unable to check if the container app name is available",
  "containerAppsUnableToCheckNameValid": "Unable to check if name is valid",
  "containerAppsLocationMustBeSet": "Location must be set",
  "containerAppsManagedEnvironmentDisplayName": "Azure Container Apps Environment",
  "containerAppsManagedEnvironmentCollectiveNoun": "Container Apps environments",
  "containerAppsManagedEnvironmentMustBeSet": "Container Apps environment must be set",
  "containerAppsManagedEnvDropDownName": "C_ontainer Apps environment",
  "containerAppsManagedEnvDropDownDescription": "Choose an environment for the container app to run in",

  "cosmosdbAzureDependencyTypeName": "Azure Cosmos DB",
  "cosmosdbAzureDisplayName": "Azure Cosmos DB",
  "cosmosdbAzureDescription": "Use highly scalable, consistent, and georeplicated data stores.",
  "cosmosdbApiDropDownName": "_Api",
  "cosmosdbApiDropDownDescription": "Cosmos DB is a multimodel database service. Choose the API and the data model to use with this account",
  "cosmosdbApiCoreName": "Core (SQL)",
  "cosmosdbApiCassandraName": "Cassandra",
  "cosmosdbApiTableName": "Azure Table",
  "cosmosdbApiGremlinName": "Gremlin (graph)",
  "cosmosdbApiMongoName": "Azure Cosmos DB for MongoDB API",
  "cosmosdbCollectiveNoun": "Cosmos DB instances",
  "cosmosdbResourceNameLabel": "_Resource Name",
  "cosmosdbCreateNameInstance": "Create an Azure Cosmos DB",
  "cosmosDbNameContainsReservedWords": "The name cannot contain any trademarked or reserved words.",
  "cosmosDbNameNotAvailable": "Name is not available",
  "cosmosDbNameNotMeetCriteria": "The name can contain only lowercase letters, numbers and hyphens, and must be between 3 and 31 characters.",
  "cosmosDbUnableToCheckNameAvailable": "Cannot check name availability",
  "cosmosDbUnableToCheckNameValid": "Cannot check if name is valid",
  "cosmosDbSelectedApiMustBeSet": "API must be set",
  "formatDisplayNameWithLocation": "{0} ({1})",
  "formatDisplayNameNewItemWithLocation": "*{0} ({1})",

  "indicatorColumnHeader": "",

  "managedEnvironmentDisplayName": "Azure Container Apps Environment",
  "managedEnvironmentDescription": "A Kubernetes based environment for Container Apps to run in",
  "managedEnvironmentCollectiveNoun": "Container App environments",
  "managedEnvironmentsCreateNameInstance": "Create an Azure Container Apps environment",
  "managedEnvironmentResourceNameLabel": "_Environment name",
  "managedEnvironmentNameNotMeetCriteria": "Environment name must be 2 to 60 characters long, start with a letter or number, contain letters, numbers, and dashes, and end with a letter or number",
  "managedEnvironmentNameNotAvailable": "Environment name not available",
  "managedEnvironmentUnableToCheckNameAvailable": "Unable to check environment name",
  "managedEnvironmentNameContainsReservedWords": "The environment name cannot contain any trademarked or reserved words.",
  "managedEnvironmentUnableToCheckNameValid": "Cannot check if environment name is valid",
  "managedEnvironmentLocationMustBeSet": "Location must be set",
  "managedEnvironmentLogAnalyticsMustBeSet": "Log Analytics must be set",
  "managedEnvironmentCreateNewInstanceDescription": "Create an Azure Container Apps environment",
  "managedEnvironmentLogAnalyticsDropdownDescription": "Store analytics data",
  "managedEnvironmentLogAnalyticsDropdownLabel": "Azure Log _Analytics workspace",
  "managedEnvNoMoreThan2PerSubscription": "A subscription may not contain more than 2 managed enviornments",

  "pricingTierColumnHeader": "_Tier",
  "pricingTierDropDownDescription": "Choose the pricing and reliability characteristics of your service",
  "pricingTierDropDownName": "Pricing _tier",
  "redisAzureCollectiveNoun": "Azure Caches for Redis",
  "redisAzureDependencyTypeName": "Azure Cache for Redis",
  "redisAzureDisplayName": "Azure Cache for Redis",
  "redisAzureDescription": "Help your application stay responsive even as user load increases by leveraging the low latency, high-throughput capabilities of the Redis engine.",
  "redisSkuDropDownName": "_SKU",
  "redisSkuDropDownDescription": "Choose the SKU to match the cache size and replication needs of your app",
  "redisSkuDisplayBasicC0": "Basic C0 (250 MB Cache)",
  "redisSkuDisplayBasicC1": "Basic C1 (1 GB Cache)",
  "redisSkuDisplayBasicC2": "Basic C2 (2.5 GB Cache)",
  "redisSkuDisplayBasicC3": "Basic C3 (6 GB Cache)",
  "redisSkuDisplayBasicC4": "Basic C4 (13 GB Cache)",
  "redisSkuDisplayBasicC5": "Basic C5 (26 GB Cache)",
  "redisSkuDisplayBasicC6": "Basic C6 (53 GB Cache)",
  "redisSkuDisplayStandardC0": "Standard C0 (250 MB Cache, Replication)",
  "redisSkuDisplayStandardC1": "Standard C1 (1 GB Cache, Replication)",
  "redisSkuDisplayStandardC2": "Standard C2 (2.5 GB Cache, Replication)",
  "redisSkuDisplayStandardC3": "Standard C3 (6 GB Cache, Replication)",
  "redisSkuDisplayStandardC4": "Standard C4 (13 GB Cache, Replication)",
  "redisSkuDisplayStandardC5": "Standard C5 (26 GB Cache, Replication)",
  "redisSkuDisplayStandardC6": "Standard C6 (53 GB Cache, Replication)",
  "redisSkuDisplayPremiumP1": "Premium P1 (1 GB Cache, Replication)",
  "redisSkuDisplayPremiumP2": "Premium P2 (2.5 GB Cache, Replication)",
  "redisSkuDisplayPremiumP3": "Premium P3 (6 GB Cache, Replication)",
  "redisSkuDisplayPremiumP4": "Premium P4 (13 GB Cache, Replication)",
  "redisSkuDisplayPremiumP5": "Premium P5 (26 GB Cache, Replication)",
  "redisResourceNameLabel": "_Resource name",
  "redisSelectedSkuMustBeSet": "SKU must be set",
  "redisCreateNameInstance": "Create an Azure Cache for Redis",
  "redisNameContainsReservedWords": "The name cannot contain any trademarked or reserved words.",
  "redisNameNotAvailable": "Name is not available",
  "redisNameNotMeetCriteria": "Names can only contain letters, numbers and hyphens. The first and last characters must each be a letter or a number. Consecutive hyphens are not allowed.",
  "redisUnableToCheckNameAvailable": "Cannot check name availability",
  "redisUnableToCheckNameValid": "Cannot check if name is valid",
  "connectionStringNameLabel": "Connection _string name",
  "connectionStringNameDescription": "Name by which code will reference this resource",
  "locationDropDownName": "_Location",
  "locationDropDownDescription": "Location in which to create the resource",
  "newCommandLabel": "New...",
  "organizationNameIsRequired": "Organization is required",
  "organizationNameLabel": "_Organization",
  "organizationNameDescription": "Specify the name of your organization for use in the developer portal and in e-mail notifications.",
  "resourceTypeNotSupportedError": "Resource type is not supported in this subscription",
  "selectedLocationMustBeSet": "Location must be set",
  "locationColumnHeader": "_Location",
  "resourceGroupColumnHeader": "Resource _group",
  "nameColumnHeader": "_Name",
  "skuColumnHeader": "S_KU",
  "urlSuffixLengthMustBeValid": "URL Suffix must be less than 400 characters",

  "serviceLinkerDisplayName": "Service Connector",
  "serviceLinkerAzureDescription": "Service Connector creates connection between resources with computation and other Azure resources",
  "serviceLinkerAzureCollectiveNoun": "Service Connector links",

  "signalrCollectiveNoun": "SignalR instances",
  "signalrAzureDescription": "Easily enable real-time communications to your web application.",
  "signalrAzureDisplayName": "Azure SignalR Service",
  "signalrPricingTierDropDownName": "_Pricing tier",
  "signalrPricingTierDropDownDescription": "Choose the SKU to match the cache size and replication needs of your app",
  "signalrPricingTierDisplayStandard": "Standard",
  "signalrPricingTierDisplayFree": "Free",
  "signalrPricingTierDisplayPremium": "Premium",
  "signalrResourceNameLabel": "Resource _name",
  "signalrNameNotMeetCriteria": "Name must be at least 3 and at most 63 characters long. Additionally, only alphanumeric characters and hyphens can be used.",
  "signalrNameContainsReservedWords": "The resource name cannot contain any trademarked or reserved words.",
  "signalrUnableToCheckNameAvailable": "Cannot check name availability",
  "signalrUnableToCheckNameValid": "Cannot check if name is valid",
  "signalrNameNotAvailable": "Name already in use",
  "signalrSelectedSkuMustBeSet": "SKU must be set",
  "signalrCreateInstanceText": "Create an Azure SignalR Service instance",
  "signalrSkuCount": "A subscription cannot have more than 5 SignalR services of Free tier",
  "azureKubernetesService": "Azure Kubernetes Service",
  "azureKubernetesServiceCollectiveNoun": "Azure Kubernetes Services",
  "azureKubernetesServiceDescription": "An application running within Azure Kubernetes Service",
  "azureVirtualMachineScaleSet": "Azure Virtual Machine Scale Set",
  "azureVirtualMachineScaleSetCollectiveNoun": "Azure Virtual Machine Scale Sets",
  "azureVirtualMachineScaleSetDescription": "An application running within Azure Virtual Machine Scale Sets",
  "azureVirtualMachineScaleSetWindows": "Azure Virtual Machine Scale Set (Windows)",
  "azureVirtualMachineScaleSetWindowsCollectiveNoun": "Azure Virtual Machine Scale Sets (Windows)",
  "azureVirtualMachineScaleSetWindowsDescription": "An application running within Azure Virtual Machine Scale Sets (Windows)",
  "azureClassicVirtualMachine": "Azure Classic Virtual Machine",
  "azureClassicVirtualMachineCollectiveNoun": "Azure Classic Virtual Machines",
  "azureClassicVirtualMachineDescription": "An application running within Azure Classic Virtual Machine",
  "azureClassicVirtualMachineWindows": "Azure Classic Virtual Machine (Windows)",
  "azureClassicVirtualMachineWindowsCollectiveNoun": "Azure Classic Virtual Machines (Windows)",
  "azureClassicVirtualMachineWindowsDescription": "An application running within Azure Classic Virtual Machine (Windows)",

  "springCloudAppDescription": "An application running within Azure Spring Cloud.",
  "springCloudAppDisplayName": "Azure Spring Cloud app",
  "springCloudAppsFolderName": "Apps",
  "springCloudAppCollectiveNoun": "Azure Spring Cloud apps",
  "springCloudAppCreateNameInstance": "Create an Azure Spring Cloud app",
  "springCloudAppResourceNameLabel": "App _name",
  "springCloudAppNameContainsReservedWords": "The App name cannot contain any trademarked or reserved words.",
  "springCloudAppNameNotMeetCriteria": "The name can contain only lowercase letters, numbers, and hyphens. The first character must be a letter. The last character must be a letter or number. The value must be between 4 and 32 characters long.",
  "springCloudAppNameNotAvailable": "Name already in use",
  "springCloudAppUnableToCheckNameAvailable": "Cannot check name availability",
  "springCloudAppUnableToCheckNameValid": "Cannot check if name is valid",

  "springCloudDeploymentCollectiveNoun": "Azure Spring Cloud deployments",
  "springCloudDeploymentDescription": "Azure Spring Cloud apps can host multiple deployments for blue/green service testing",
  "springCloudDeploymentDisplayName": "Azure Spring Cloud deployment",

  "springCloudServiceCollectiveNoun": "Azure Spring Cloud services",
  "springCloudServiceCreateNameInstance": "Create an Azure Spring Cloud",
  "springCloudServiceDescription": "Azure Spring Cloud is a serverless microservices platform that enables you to build, deploy, scale and monitor your applications in the cloud. Use Spring Cloud to bring modern microservice patterns to Spring Boot apps, eliminating boilerplate code to quickly build robust .NET apps.",
  "springCloudServiceDisplayName": "Azure Spring Cloud",
  "springCloudServiceLogAnalyticsMustBeSet": "Log Analytics Workspace must be set",
  "springCloudServiceResourceNameLabel": "Service _name",
  "springCloudServiceNameNotMeetCriteria": "The name can contain only lowercase letters, numbers, and hyphens. The first character must be a letter. The last character must be a letter or number. The value must be between 4 and 32 characters long.",
  "springCloudServiceNameNotAvailable": "Name already in use",
  "springCloudServiceUnableToCheckNameAvailable": "Cannot check name availability",
  "springCloudServicesDropdownLabel": "Azure S_pring Cloud",
  "springCloudServicesDropdownDescription": "Select an Azure Spring Cloud in which this application will run.",
  "springCloudServiceSkuBasic": "Basic",
  "springCloudServiceSkuStandard": "Standard",
  "springCloudServiceLocationMustBeSet": "Location must be set",
  "springCloudServiceNoAppInsights": "No App Insights",
  "springCloudServiceNoLogAnalytics": "No Log Analytics",
  "springCloudServiceAppInsightsMustBeSet": "App Insights must be set",
  "springCloudServicePricingTierMustBeSet": "Pricing tier must be set",
  "springCloudServicePricingTiersLabel": "_Pricing tier",
  "springCloudServicePricingTiersDescription": "Pricing tier determines the resource and cost associated with your instance.",
  "springCloudServiceMustBeSet": "Azure Spring Cloud must be set",
  "springCloudServiceNameContainsReservedWords": "The Service name cannot contain any trademarked or reserved words.",
  "springCloudServiceUnableToCheckNameValid": "Cannot check if name is valid"
}

