{
  "apiAdministratorEmailDescription": "Nastavte e-mailovou adresu pro příjem všech systémových oznámení odesílaných ze služby API Management.",
  "apiAdministratorEmailLabel": "E-m_ail správce",
  "apiManagementAzureDisplayName": "Služba Azure API Management",
  "apiManagementAzureDescription": "Umožňuje publikovat rozhraní API do služby API Management, aby ho mohly využívat služby Azure Logic Apps a Power Apps.",
  "apiManagementApiAzureDescription": "Umožňuje publikovat rozhraní API do služby API Management, aby ho mohly využívat služby Azure Logic Apps a Power Apps.",
  "apiManagementApiAzureDisplayName": "Rozhraní API služby API Management",
  "apiManagementApiNameNotAvailable": "Název není k dispozici.",
  "apiManagementApiResourceNameLabel": "Název rozhraní _API",
  "apiManagementApiUnableToCheckNameAvailable": "Dostupnost názvu se nedá ověřit.",
  "apimangementApiCreateNameInstance": "Vytvořit rozhraní API služby API Management",
  "apimapiNameNotMeetCriteria": "Název rozhraní API musí začínat a končit alfanumerickým znakem a může obsahovat jen alfanumerické znaky a spojovníky.",
  "apiURLSuffixDescription": "Cesta v doméně názvu služby API",
  "apiURLSuffixLabel": "Přípona adresy _URL rozhraní API",
  "apiSelectedServiceMustBeSet": "Musí být vybraná služba",
  "apiManagementApisFolderName": "Rozhraní API",
  "apiURLSuffixMustBeUniqueInService": "Přípona adresy URL musí být v rámci jedné instance služby jedinečná.",
  "apiServicesDropdownLabel": "Služba API _Management",
  "apiServicesDropdownDescription": "Seznam služeb API Management, které můžou hostovat toto rozhraní API",
  "apiManagementDisplayBasic": "Basic (99,9% SLA)",
  "apiManagementDisplayConsumption": "Consumption (99,9% SLA)",
  "apiManagementDisplayDeveloper": "Developer (bez smlouvy SLA)",
  "apiManagementDisplayPremium": "Premium (99,99% SLA)",
  "apiManagementDisplayStandard": "Standard (99,9% SLA)",
  "apimangementCreateNameInstance": "Vytvořit novou službu API Management",
  "apiManagementUnableToCheckName": "Nepovedlo se zkontrolovat název.",
  "apiManagementResourceNameLabel": "_Název",
  "apiManagementNameNotAvailable": "Název se už používá.",
  "apiManagementNameNotMeetCriteria": "Název musí mít 1 až 50 znaků, začínat písmenem a obsahovat jenom písmena a číslice.",
  "apiManagementAzureCollectiveNoun": "Instance služby API Management",
  "apiManagementApiAzureCollectiveNoun": "Rozhraní API služby API Management",
  "appInsightsAzureDescription": "Monitorujte výkon a využití webové aplikace (s připojením k instanci spuštěné v Azure).",
  "appInsightsCollectiveNoun": "Instance Application Insights",
  "appInsightsCreateNameInstance": "Vytvořit komponentu Application Insights",
  "appInsightsDisplayName": "Application Insights",
  "appInsightsLogAnalyticsDropdownDescription": "Ukládat analytická data",
  "appInsightsLogAnalyticsDropdownLabel": "Pracovní prostor _Azure Log Analytics",
  "appInsightsLogAnalyticsMustBeSet": "Pracovní prostor Log Analytics se musí nastavit.",
  "appInsightsNameContainsReservedWords": "Název prostředku nemůže obsahovat žádné ochranné známky ani rezervovaná slova.",
  "appInsightsNameNotAvailable": "Název se už používá.",
  "appInsightsNameNotMeetCriteria": "Název musí mít 1 až 256 znaků. Navíc lze použít pouze alfanumerické znaky a pomlčky.",
  "appInsightsResourceNameLabel": "_Název",
  "appInsightsToLogAnalyticsLocationMismatchWarning": "Hostování Application Insights v {0} místo {1}, kde pracovní prostor služby Log Analytics může mít vliv na výkon, náklady a dodržování předpisů",
  "appInsightsUnableToCheckNameAvailable": "Dostupnost názvu se nedá ověřit.",
  "appInsightsUnableToCheckNameValid": "Nedá se zkontrolovat, jestli je název platný",
  "springCloudServiceAppInsightsDropdownDescription": "Ukládat data trasování",
  "springCloudServiceAppInsightsDropdownLabel": "Azure A_pp Insights",
  "springCloudServiceLogAnalyticsDropdownDescription": "Ukládat analytická data",
  "springCloudServiceLogAnalyticsDropdownLabel": "Pracovní prostor _Azure Log Analytics",
  "logAnalyticsAzureDescription": "Snadné ukládání a zachovávání dat shromážděných z monitorovaných prostředků v Azure a dotazování na tato data",
  "logAnalyticsUnableToCheckNameAvailable": "Dostupnost názvu se nedá ověřit.",
  "logAnalyticsAzureCollectiveNoun": "Pracovní prostory Azure Log Analytics",
  "logAnalyticsNameNotAvailable": "Název není k dispozici.",
  "logAnalyticsCreateNameInstance": "Vytvořit pracovní prostor Azure Log Analytics",
  "logAnalyticsSkuDropDownName": "S_KU",
  "logAnalyticsSkuDropDownDescription": "Cena vašeho pracovního prostoru závisí na zvolené cenové úrovni a na tom, jaká řešení využíváte.",
  "logAnalyticsSkuDisplayPerg2018": "Pay-as-you-go (za GB 2018)",
  "logAnalyticsNameNotMeetCriteria": "Název pracovního prostoru musí mít od 4 do 63 znaků a může obsahovat jen písmena, číslice a spojovníky (-). Spojovník by neměl být první ani poslední znak.",
  "logAnalyticsSelectedSkuMustBeSet": "Skladová položka se musí nastavit.",
  "logAnalyticsResourceNameLabel": "_Název",
  "logAnalyticsDisplayName": "Pracovní prostor Azure Log Analytics",
  "appConfigAzureDependencyTypeName": "Azure App Configuration",
  "appConfigAzureDisplayName": "Azure App Configuration",
  "appConfigAzureDescription": "Umožňuje snadný přístup k příznakům funkcí a nastavením klíčů a hodnot aplikace, které se centrálně spravují v Azure.",
  "appConfigCollectiveNoun": "Úložiště App Configuration",
  "appConfigResourceNameLabel": "Název p_rostředku",
  "appConfigCreateNameInstance": "Vytvořte úložiště Azure App Configuration.",
  "appConfigFreeSkuLimitReached": "Předplatné dosáhlo limitu 1 prostředku konfigurace aplikace v úrovni Free.",
  "appConfigNameContainsReservedWords": "Název nemůže obsahovat žádné ochranné známky ani rezervovaná slova.",
  "appConfigNameNotAvailable": "Název není k dispozici.",
  "appConfigNameNotMeetCriteria": "Název musí obsahovat jenom alfanumerické znaky ASCII nebo znak - a musí mít délku být mezi 5 a 50 znaky.",
  "appConfigSelectedSkuMustBeSet": "Cenová úroveň se musí nastavit.",
  "appConfigSkuDropDownDescription": "Zvolte cenovou úroveň, která bude odpovídat požadavkům vaší aplikace na úložiště a smlouvu SLA.",
  "appConfigSkuDropDownName": "_Cenová úroveň",
  "appConfigSkuDisplayFree": "Free",
  "appConfigSkuDisplayStandard": "Standard",
  "appConfigUnableToAccess": "Nepovedlo se získat přístup k úložišti App Configuration {0}. Ověřte, že stále existuje a je k dispozici.",
  "appConfigUnableToCheckNameAvailable": "Dostupnost názvu se nedá ověřit.",
  "appConfigUnableToCheckNameValid": "Nedá se zkontrolovat, jestli je název platný.",
  "containerAppsAzureDisplayName": "Azure Container Apps",
  "containerAppsAzureDescription": "Spouštění škálovatelných kontejnerizovaných aplikací a mikroslužeb na bezserverové platformě v Azure",
  "containerAppsCollectiveNoun": "Aplikace kontejneru",
  "containerAppsCreateNameInstance": "Vytvořit službu Azure Container App",
  "containerAppsResourceNameLabel": "Název aplikace K_ontejneru",
  "containerAppsContainerNameLabel": "_Název kontejneru",
  "containerAppsContainerNameDescription": "Název prvního kontejneru v aplikaci kontejnerů",
  "containerAppsContainerNameNotMeetCriteria": "Název kontejneru musí mít 1 až 63 znaků, začínat malým písmenem nebo číslicí, obsahovat malá písmena, číslice a spojovníky a končit malým písmenem nebo číslicí.",
  "containerAppsNameContainsReservedWords": "Název aplikace kontejneru nemůže obsahovat žádné ochranné známky ani rezervovaná slova.",
  "containerAppsNameNotMeetCriteria": "Název aplikace kontejneru musí mít 2 až 32 znaků, začínat malým písmenem, obsahovat malá písmena, číslice a spojovníky a končit malým písmenem nebo číslicí.",
  "containerAppsNameNotAvailable": "Název aplikace kontejneru není k dispozici.",
  "containerAppsUnableToCheckNameAvailable": "Nepovedlo se zkontrolovat, jestli je název aplikace kontejneru k dispozici.",
  "containerAppsUnableToCheckNameValid": "Nedá se zkontrolovat, jestli je název platný.",
  "containerAppsLocationMustBeSet": "Musí být nastavené umístění",
  "containerAppsManagedEnvironmentDisplayName": "Prostředí Azure Container Apps",
  "containerAppsManagedEnvironmentCollectiveNoun": "Prostředí Container Apps",
  "containerAppsManagedEnvironmentMustBeSet": "Prostředí Container Apps musí být nastavené.",
  "containerAppsManagedEnvDropDownName": "Prostředí C_ontainer Apps",
  "containerAppsManagedEnvDropDownDescription": "Zvolte prostředí, ve kterém se má aplikace kontejneru spustit.",
  "cosmosdbAzureDependencyTypeName": "Azure Cosmos DB",
  "cosmosdbAzureDisplayName": "Azure Cosmos DB",
  "cosmosdbAzureDescription": "Používejte vysoce škálovatelná, konzistentní a geograficky replikovaná úložiště dat.",
  "cosmosdbApiDropDownName": "Rozhraní _API",
  "cosmosdbApiDropDownDescription": "Cosmos DB je vícemodelová databázová služba. Zvolte rozhraní API a datový model, které chcete používat s tímto účtem.",
  "cosmosdbApiCoreName": "Core (SQL)",
  "cosmosdbApiCassandraName": "Cassandra",
  "cosmosdbApiTableName": "Tabulka Azure",
  "cosmosdbApiGremlinName": "Gremlin (graf)",
  "cosmosdbApiMongoName": "Azure Cosmos DB for MongoDB API",
  "cosmosdbCollectiveNoun": "Instance Cosmos DB",
  "cosmosdbResourceNameLabel": "Název p_rostředku",
  "cosmosdbCreateNameInstance": "Vytvořit Azure Cosmos DB",
  "cosmosDbNameContainsReservedWords": "Název nemůže obsahovat žádné ochranné známky ani rezervovaná slova.",
  "cosmosDbNameNotAvailable": "Název není k dispozici.",
  "cosmosDbNameNotMeetCriteria": "Název může obsahovat jen malá písmena, číslice a spojovníky a musí mít 3 až 31 znaků.",
  "cosmosDbUnableToCheckNameAvailable": "Dostupnost názvu se nedá ověřit.",
  "cosmosDbUnableToCheckNameValid": "Nedá se zkontrolovat, jestli je název platný",
  "cosmosDbSelectedApiMustBeSet": "Musí být nastavené rozhraní API",
  "formatDisplayNameWithLocation": "{0} ({1})",
  "formatDisplayNameNewItemWithLocation": "*{0} ({1})",
  "indicatorColumnHeader": "",
  "managedEnvironmentDisplayName": "Prostředí Azure Container Apps",
  "managedEnvironmentDescription": "Prostředí založené na Kubernetes, ve kterém se mají aplikace typu kontejner spouštět",
  "managedEnvironmentCollectiveNoun": "Prostředí aplikací typu kontejner",
  "managedEnvironmentsCreateNameInstance": "Vytvořit prostředí Azure Container Apps",
  "managedEnvironmentResourceNameLabel": "Název prostř_edí",
  "managedEnvironmentNameNotMeetCriteria": "Název prostředí musí mít 2 až 60 znaků, začínat písmenem nebo číslicí, obsahovat písmena, číslice a spojovníky a končit písmenem nebo číslicí.",
  "managedEnvironmentNameNotAvailable": "Název prostředí není dostupný.",
  "managedEnvironmentUnableToCheckNameAvailable": "Nepovedlo se zkontrolovat název prostředí.",
  "managedEnvironmentNameContainsReservedWords": "Název prostředí nemůže obsahovat žádné ochranné známky ani rezervovaná slova.",
  "managedEnvironmentUnableToCheckNameValid": "Není možné zkontrolovat, jestli je název prostředí platný.",
  "managedEnvironmentLocationMustBeSet": "Musí být nastavené umístění",
  "managedEnvironmentLogAnalyticsMustBeSet": "Funkce Log Analytics musí být nastavená.",
  "managedEnvironmentCreateNewInstanceDescription": "Vytvořit prostředí Azure Container Apps",
  "managedEnvironmentLogAnalyticsDropdownDescription": "Ukládat analytická data",
  "managedEnvironmentLogAnalyticsDropdownLabel": "Pracovní prostor _Azure Log Analytics",
  "managedEnvNoMoreThan2PerSubscription": "Předplatné nesmí obsahovat více než 2 spravovaná prostředí.",
  "pricingTierColumnHeader": "Úr_oveň",
  "pricingTierDropDownDescription": "Zvolte pro vaši službu charakteristiky ceny a spolehlivosti.",
  "pricingTierDropDownName": "_Cenová úroveň",
  "redisAzureCollectiveNoun": "Mezipaměti Azure Cache for Redis",
  "redisAzureDependencyTypeName": "Azure Cache for Redis",
  "redisAzureDisplayName": "Azure Cache for Redis",
  "redisAzureDescription": "Když využijete funkce modulu Redis, který nabízí nízkou latenci a vysokou propustnost, může být vaše aplikace rychlá i v případě, že se zvýší uživatelské zatížení.",
  "redisSkuDropDownName": "_Skladová položka",
  "redisSkuDropDownDescription": "Zvolte skladovou položku, která bude odpovídat velikosti mezipaměti a potřebám replikace vaší aplikace.",
  "redisSkuDisplayBasicC0": "Basic C0 (250 MB mezipaměti)",
  "redisSkuDisplayBasicC1": "Basic C1 (1 GB mezipaměti)",
  "redisSkuDisplayBasicC2": "Basic C2 (2,5 GB mezipaměti)",
  "redisSkuDisplayBasicC3": "Basic C3 (6 GB mezipaměti)",
  "redisSkuDisplayBasicC4": "Basic C4 (13 GB mezipaměti)",
  "redisSkuDisplayBasicC5": "Basic C5 (26 GB mezipaměti)",
  "redisSkuDisplayBasicC6": "Basic C6 (53 GB mezipaměti)",
  "redisSkuDisplayStandardC0": "Standard C0 (250 MB mezipaměti, replikace)",
  "redisSkuDisplayStandardC1": "Standard C1 (1 GB mezipaměti, replikace)",
  "redisSkuDisplayStandardC2": "Standard C2 (2,5 GB mezipaměti, replikace)",
  "redisSkuDisplayStandardC3": "Standard C3 (6 GB mezipaměti, replikace)",
  "redisSkuDisplayStandardC4": "Standard C4 (13 GB mezipaměti, replikace)",
  "redisSkuDisplayStandardC5": "Standard C5 (26 GB mezipaměti, replikace)",
  "redisSkuDisplayStandardC6": "Standard C6 (53 GB mezipaměti, replikace)",
  "redisSkuDisplayPremiumP1": "Premium P1 (1 GB mezipaměti, replikace)",
  "redisSkuDisplayPremiumP2": "Premium P2 (2,5 GB mezipaměti, replikace)",
  "redisSkuDisplayPremiumP3": "Premium P3 (6 GB mezipaměti, replikace)",
  "redisSkuDisplayPremiumP4": "Premium P4 (13 GB mezipaměti, replikace)",
  "redisSkuDisplayPremiumP5": "Premium P5 (26 GB mezipaměti, replikace)",
  "redisResourceNameLabel": "Název p_rostředku",
  "redisSelectedSkuMustBeSet": "Musí být nastavená skladová položka",
  "redisCreateNameInstance": "Vytvořit Azure Cache for Redis",
  "redisNameContainsReservedWords": "Název nemůže obsahovat žádné ochranné známky ani rezervovaná slova.",
  "redisNameNotAvailable": "Název není k dispozici.",
  "redisNameNotMeetCriteria": "Názvy můžou obsahovat jenom písmena, číslice a pomlčky (-). První a poslední znak musí být písmeno nebo číslice. Po sobě jdoucí pomlčky nejsou povolené.",
  "redisUnableToCheckNameAvailable": "Dostupnost názvu se nedá ověřit.",
  "redisUnableToCheckNameValid": "Nedá se zkontrolovat, jestli je název platný",
  "connectionStringNameLabel": "Ná_zev připojovacího řetězce",
  "connectionStringNameDescription": "Název, který se v kódu použije jako odkaz na tento prostředek",
  "locationDropDownName": "_Lokalita",
  "locationDropDownDescription": "Umístění, na kterém se má prostředek vytvořit",
  "newCommandLabel": "Nový…",
  "organizationNameIsRequired": "Organizace je povinná.",
  "organizationNameLabel": "_Organizace",
  "organizationNameDescription": "Zadejte název organizace, který se použije na vývojářském portálu a v e-mailových oznámeních.",
  "resourceTypeNotSupportedError": "Typ prostředku se v tomto předplatném nepodporuje.",
  "selectedLocationMustBeSet": "Musí být nastavené umístění",
  "locationColumnHeader": "_Umístění",
  "resourceGroupColumnHeader": "_Skupina prostředků",
  "nameColumnHeader": "_Název",
  "skuColumnHeader": "S_KU",
  "urlSuffixLengthMustBeValid": "Přípona adresy URL musí být kratší než 400 znaků.",
  "serviceLinkerDisplayName": "Konektor služby",
  "serviceLinkerAzureDescription": "Konektor služby vytváří připojení mezi prostředky s výpočty a dalšími prostředky Azure.",
  "serviceLinkerAzureCollectiveNoun": "Odkazy konektoru služby",
  "signalrCollectiveNoun": "Instance SignalR",
  "signalrAzureDescription": "Můžete snadno povolit komunikaci s vaší webovou aplikací v reálném čase.",
  "signalrAzureDisplayName": "Služba Azure SignalR",
  "signalrPricingTierDropDownName": "_Cenová úroveň",
  "signalrPricingTierDropDownDescription": "Zvolte skladovou položku, která bude odpovídat velikosti mezipaměti a potřebám replikace vaší aplikace.",
  "signalrPricingTierDisplayStandard": "Standard",
  "signalrPricingTierDisplayFree": "Zdarma",
  "signalrPricingTierDisplayPremium": "Premium",
  "signalrResourceNameLabel": "_Název prostředku",
  "signalrNameNotMeetCriteria": "Název musí mít 3 až 63 znaků. Navíc se dají použít jenom alfanumerické znaky a pomlčky.",
  "signalrNameContainsReservedWords": "Název prostředku nemůže obsahovat žádné ochranné známky ani rezervovaná slova.",
  "signalrUnableToCheckNameAvailable": "Dostupnost názvu se nedá ověřit.",
  "signalrUnableToCheckNameValid": "Nedá se zkontrolovat, jestli je název platný",
  "signalrNameNotAvailable": "Název se už používá.",
  "signalrSelectedSkuMustBeSet": "Musí být nastavená skladová položka",
  "signalrCreateInstanceText": "Vytvořit instanci služby Azure SignalR",
  "signalrSkuCount": "Předplatné nemůže mít více než 5 služeb SignalR Service s úrovní Free",
  "azureKubernetesService": "Azure Kubernetes Service",
  "azureKubernetesServiceCollectiveNoun": "Azure Kubernetes Services",
  "azureKubernetesServiceDescription": "Aplikace běžící ve službě Azure Kubernetes Service",
  "azureVirtualMachineScaleSet": "Škálovací sada virtuálních počítačů Azure",
  "azureVirtualMachineScaleSetCollectiveNoun": "Azure Virtual Machine Scale Sets",
  "azureVirtualMachineScaleSetDescription": "Aplikace běžící ve službě Azure Virtual Machine Scale Sets",
  "azureVirtualMachineScaleSetWindows": "Azure Virtual Machine Scale Set (Windows)",
  "azureVirtualMachineScaleSetWindowsCollectiveNoun": "Azure Virtual Machine Scale Sets (Windows)",
  "azureVirtualMachineScaleSetWindowsDescription": "Aplikace běžící ve službě Azure Virtual Machine Scale Sets (Windows)",
  "azureClassicVirtualMachine": "Azure Classic Virtual Machine",
  "azureClassicVirtualMachineCollectiveNoun": "Azure Classic Virtual Machines",
  "azureClassicVirtualMachineDescription": "Aplikace běžící ve službě Azure Classic Virtual Machine",
  "azureClassicVirtualMachineWindows": "Azure Classic Virtual Machine (Windows)",
  "azureClassicVirtualMachineWindowsCollectiveNoun": "Azure Classic Virtual Machines (Windows)",
  "azureClassicVirtualMachineWindowsDescription": "Aplikace běžící ve službě Azure Classic Virtual Machine (Windows)",
  "springCloudAppDescription": "Aplikace spuštěná ve službě Azure Spring Cloud",
  "springCloudAppDisplayName": "Aplikace Azure Spring Cloud",
  "springCloudAppsFolderName": "Aplikace",
  "springCloudAppCollectiveNoun": "Aplikace Azure Spring Cloud",
  "springCloudAppCreateNameInstance": "Vytvořit aplikaci Azure Spring Cloud",
  "springCloudAppResourceNameLabel": "_Název aplikace",
  "springCloudAppNameContainsReservedWords": "Název aplikace nemůže obsahovat žádné ochranné známky ani rezervovaná slova.",
  "springCloudAppNameNotMeetCriteria": "Název může obsahovat jenom malá písmena, číslice a spojovníky. První znak musí být písmeno. Poslední znak musí být písmeno nebo číslice. Hodnota musí mít délku v rozmezí od 4 do 32 znaků.",
  "springCloudAppNameNotAvailable": "Název se už používá.",
  "springCloudAppUnableToCheckNameAvailable": "Dostupnost názvu se nedá ověřit.",
  "springCloudAppUnableToCheckNameValid": "Nedá se zkontrolovat, jestli je název platný",
  "springCloudDeploymentCollectiveNoun": "Nasazení Azure Spring Cloud",
  "springCloudDeploymentDescription": "Aplikace Azure Spring Cloud můžou hostovat několik nasazení pro modrozelené testování.",
  "springCloudDeploymentDisplayName": "Nasazení Azure Spring Cloud",
  "springCloudServiceCollectiveNoun": "Služby Azure Spring Cloud",
  "springCloudServiceCreateNameInstance": "Vytvořit Azure Spring Cloud",
  "springCloudServiceDescription": "Azure Spring Cloud je platforma pro bezserverové mikroslužby, která umožňuje sestavovat, nasazovat, škálovat a monitorovat vaše aplikace v cloudu. Pomocí služby Spring Cloud můžete přenést vzory moderních mikroslužeb do aplikací Spring Boot bez opakovaného kódu a rychle vytvářet robustní aplikace .NET.",
  "springCloudServiceDisplayName": "Azure Spring Cloud",
  "springCloudServiceLogAnalyticsMustBeSet": "Pracovní prostor Log Analytics se musí nastavit.",
  "springCloudServiceResourceNameLabel": "_Název služby",
  "springCloudServiceNameNotMeetCriteria": "Název může obsahovat jenom malá písmena, číslice a spojovníky. První znak musí být písmeno. Poslední znak musí být písmeno nebo číslice. Hodnota musí mít délku v rozmezí od 4 do 32 znaků.",
  "springCloudServiceNameNotAvailable": "Název se už používá.",
  "springCloudServiceUnableToCheckNameAvailable": "Dostupnost názvu se nedá ověřit.",
  "springCloudServicesDropdownLabel": "Azure S_pring Cloud",
  "springCloudServicesDropdownDescription": "Vyberte službu Azure Spring Cloud, ve které tato aplikace poběží.",
  "springCloudServiceSkuBasic": "Basic",
  "springCloudServiceSkuStandard": "Standard",
  "springCloudServiceLocationMustBeSet": "Musí být nastavené umístění",
  "springCloudServiceNoAppInsights": "Žádné App Insights",
  "springCloudServiceNoLogAnalytics": "Žádná služba Log Analytics",
  "springCloudServiceAppInsightsMustBeSet": "App Insights je třeba nastavit.",
  "springCloudServicePricingTierMustBeSet": "Je třeba nastavit cenovou úroveň.",
  "springCloudServicePricingTiersLabel": "_Cenová úroveň",
  "springCloudServicePricingTiersDescription": "Cenová úroveň určuje prostředky a náklady související s vaší instancí.",
  "springCloudServiceMustBeSet": "Musí se nastavit Azure Spring Cloud.",
  "springCloudServiceNameContainsReservedWords": "Název služby nemůže obsahovat žádné ochranné známky ani rezervovaná slova.",
  "springCloudServiceUnableToCheckNameValid": "Nedá se zkontrolovat, jestli je název platný"
}